{
  "kind": "e2e",
  "simulate": false,
  "models": [
    "Qwen/Qwen2.5-0.5B-Instruct"
  ],
  "batch_sizes": [
    1,
    2,
    4,
    8
  ],
  "precisions": [
    "fp16",
    "int8"
  ],
  "summary": {
    "total_rows": 8,
    "avg_ttft_ms": 1363.1285607953032,
    "avg_tbt_ms": 177.25949218001915,
    "avg_throughput_tps": 5.660415684630877,
    "avg_output_throughput_tps": 10.868662945707673
  },
  "rows": [
    {
      "model": "Qwen/Qwen2.5-0.5B-Instruct",
      "effective_model": "Qwen/Qwen2.5-0.5B-Instruct",
      "precision": "live",
      "scenario": "vllm_random_b1",
      "batch_size": 1,
      "ttft_ms": 1205.5411580950022,
      "tbt_ms": 82.14421886950731,
      "throughput_tps": 6.556022139866034,
      "output_throughput_tps": 1.2579669330866425,
      "latency_p50_ms": 2437.704441137612,
      "latency_p95_ms": 2437.704441137612,
      "latency_p99_ms": 2437.704441137612,
      "memory_mb": 0.0,
      "mode": "live",
      "successful_requests": 1,
      "failed_requests": 0
    },
    {
      "model": "Qwen/Qwen2.5-0.5B-Instruct",
      "effective_model": "Qwen/Qwen2.5-0.5B-Instruct",
      "precision": "live",
      "scenario": "vllm_sharegpt_b1",
      "batch_size": 1,
      "ttft_ms": 212.49970910139382,
      "tbt_ms": 105.31783973177274,
      "throughput_tps": 8.913456409770268,
      "output_throughput_tps": 8.90352788561902,
      "latency_p50_ms": 1792.267305077985,
      "latency_p95_ms": 1792.267305077985,
      "latency_p99_ms": 1792.267305077985,
      "memory_mb": 0.0,
      "mode": "live",
      "successful_requests": 1,
      "failed_requests": 0
    },
    {
      "model": "Qwen/Qwen2.5-0.5B-Instruct",
      "effective_model": "Qwen/Qwen2.5-0.5B-Instruct",
      "precision": "live",
      "scenario": "vllm_random_b2",
      "batch_size": 2,
      "ttft_ms": 867.9384380811825,
      "tbt_ms": 83.28293726469079,
      "throughput_tps": 8.467353100327198,
      "output_throughput_tps": 11.343350094602163,
      "latency_p50_ms": 2117.1824970515445,
      "latency_p95_ms": 2746.378869994078,
      "latency_p99_ms": 2802.3074364778586,
      "memory_mb": 0.0,
      "mode": "live",
      "successful_requests": 2,
      "failed_requests": 0
    },
    {
      "model": "Qwen/Qwen2.5-0.5B-Instruct",
      "effective_model": "Qwen/Qwen2.5-0.5B-Instruct",
      "precision": "live",
      "scenario": "vllm_sharegpt_b2",
      "batch_size": 2,
      "ttft_ms": 1086.6545415483415,
      "tbt_ms": 107.9453940037638,
      "throughput_tps": 6.59235882333388,
      "output_throughput_tps": 8.732652455520876,
      "latency_p50_ms": 2705.8354516047984,
      "latency_p95_ms": 3492.594075202942,
      "latency_p99_ms": 3562.5281750783324,
      "memory_mb": 0.0,
      "mode": "live",
      "successful_requests": 2,
      "failed_requests": 0
    },
    {
      "model": "Qwen/Qwen2.5-0.5B-Instruct",
      "effective_model": "Qwen/Qwen2.5-0.5B-Instruct",
      "precision": "live",
      "scenario": "vllm_random_b4",
      "batch_size": 4,
      "ttft_ms": 1410.4008459835313,
      "tbt_ms": 140.942035370972,
      "throughput_tps": 5.117678289688277,
      "output_throughput_tps": 14.77599048546236,
      "latency_p50_ms": 4183.151816600002,
      "latency_p95_ms": 4184.247457305901,
      "latency_p99_ms": 4184.317077114247,
      "memory_mb": 0.0,
      "mode": "live",
      "successful_requests": 4,
      "failed_requests": 0
    },
    {
      "model": "Qwen/Qwen2.5-0.5B-Instruct",
      "effective_model": "Qwen/Qwen2.5-0.5B-Instruct",
      "precision": "live",
      "scenario": "vllm_sharegpt_b4",
      "batch_size": 4,
      "ttft_ms": 1779.583117517177,
      "tbt_ms": 200.486671901308,
      "throughput_tps": 4.097237016611346,
      "output_throughput_tps": 10.759038479234816,
      "latency_p50_ms": 5518.408765550703,
      "latency_p95_ms": 5748.930688621476,
      "latency_p99_ms": 5749.052597703412,
      "memory_mb": 0.0,
      "mode": "live",
      "successful_requests": 4,
      "failed_requests": 0
    },
    {
      "model": "Qwen/Qwen2.5-0.5B-Instruct",
      "effective_model": "Qwen/Qwen2.5-0.5B-Instruct",
      "precision": "live",
      "scenario": "vllm_random_b8",
      "batch_size": 8,
      "ttft_ms": 1829.1500754421577,
      "tbt_ms": 278.33364617739187,
      "throughput_tps": 3.23583082295729,
      "output_throughput_tps": 18.447915654002706,
      "latency_p50_ms": 6639.878603979014,
      "latency_p95_ms": 6641.784634115174,
      "latency_p99_ms": 6641.810548426583,
      "memory_mb": 0.0,
      "mode": "live",
      "successful_requests": 8,
      "failed_requests": 0
    },
    {
      "model": "Qwen/Qwen2.5-0.5B-Instruct",
      "effective_model": "Qwen/Qwen2.5-0.5B-Instruct",
      "precision": "live",
      "scenario": "vllm_sharegpt_b8",
      "batch_size": 8,
      "ttft_ms": 2513.2606005936395,
      "tbt_ms": 419.62319412074675,
      "throughput_tps": 2.303388874492724,
      "output_throughput_tps": 12.728861578132792,
      "latency_p50_ms": 9784.697599941865,
      "latency_p95_ms": 9786.279680451844,
      "latency_p99_ms": 9786.476188946981,
      "memory_mb": 0.0,
      "mode": "live",
      "successful_requests": 8,
      "failed_requests": 0
    }
  ]
}