{
  "kind": "e2e",
  "simulate": false,
  "models": [
    "Qwen/Qwen2.5-0.5B-Instruct"
  ],
  "batch_sizes": [
    1,
    2,
    4,
    8
  ],
  "precisions": [
    "fp16",
    "int8"
  ],
  "summary": {
    "total_rows": 8,
    "avg_ttft_ms": 7937.836371627782,
    "avg_tbt_ms": 284.4659287701587,
    "avg_throughput_tps": 3.5347074030669754,
    "avg_output_throughput_tps": 10.420200000009078
  },
  "rows": [
    {
      "model": "Qwen/Qwen2.5-0.5B-Instruct",
      "effective_model": "Qwen/Qwen2.5-0.5B-Instruct",
      "precision": "live",
      "scenario": "vllm_random_b1",
      "batch_size": 1,
      "ttft_ms": 38457.67102390528,
      "tbt_ms": 108.24373358904961,
      "throughput_tps": 1.4133254021045816,
      "output_throughput_tps": 1.142923949375764,
      "latency_p50_ms": 45277.0262400154,
      "latency_p95_ms": 45277.0262400154,
      "latency_p99_ms": 45277.0262400154,
      "memory_mb": 0.0,
      "mode": "live",
      "successful_requests": 1,
      "failed_requests": 0
    },
    {
      "model": "Qwen/Qwen2.5-0.5B-Instruct",
      "effective_model": "Qwen/Qwen2.5-0.5B-Instruct",
      "precision": "live",
      "scenario": "vllm_sharegpt_b1",
      "batch_size": 1,
      "ttft_ms": 7229.327694978565,
      "tbt_ms": 586.926149651556,
      "throughput_tps": 0.7789819082087762,
      "output_throughput_tps": 0.7789579283191874,
      "latency_p50_ms": 45379.5274223297,
      "latency_p95_ms": 45379.5274223297,
      "latency_p99_ms": 45379.5274223297,
      "memory_mb": 0.0,
      "mode": "live",
      "successful_requests": 1,
      "failed_requests": 0
    },
    {
      "model": "Qwen/Qwen2.5-0.5B-Instruct",
      "effective_model": "Qwen/Qwen2.5-0.5B-Instruct",
      "precision": "live",
      "scenario": "vllm_random_b2",
      "batch_size": 2,
      "ttft_ms": 3252.0239524310455,
      "tbt_ms": 94.38871311038613,
      "throughput_tps": 7.558657943481849,
      "output_throughput_tps": 10.21536785873154,
      "latency_p50_ms": 9056.026304434497,
      "latency_p95_ms": 11913.744109432724,
      "latency_p99_ms": 12167.76346987701,
      "memory_mb": 0.0,
      "mode": "live",
      "successful_requests": 2,
      "failed_requests": 0
    },
    {
      "model": "Qwen/Qwen2.5-0.5B-Instruct",
      "effective_model": "Qwen/Qwen2.5-0.5B-Instruct",
      "precision": "live",
      "scenario": "vllm_sharegpt_b2",
      "batch_size": 2,
      "ttft_ms": 298.83114399854094,
      "tbt_ms": 176.92672124775572,
      "throughput_tps": 5.370400834138497,
      "output_throughput_tps": 10.73768628102151,
      "latency_p50_ms": 11002.900651726311,
      "latency_p95_ms": 11401.436015132387,
      "latency_p99_ms": 11436.861380768481,
      "memory_mb": 0.0,
      "mode": "live",
      "successful_requests": 2,
      "failed_requests": 0
    },
    {
      "model": "Qwen/Qwen2.5-0.5B-Instruct",
      "effective_model": "Qwen/Qwen2.5-0.5B-Instruct",
      "precision": "live",
      "scenario": "vllm_random_b4",
      "batch_size": 4,
      "ttft_ms": 338.36794522358105,
      "tbt_ms": 223.4304309878055,
      "throughput_tps": 4.436328040272014,
      "output_throughput_tps": 17.739716747390926,
      "latency_p50_ms": 14414.593590889126,
      "latency_p95_ms": 14415.517777588684,
      "latency_p99_ms": 14415.605895670597,
      "memory_mb": 0.0,
      "mode": "live",
      "successful_requests": 4,
      "failed_requests": 0
    },
    {
      "model": "Qwen/Qwen2.5-0.5B-Instruct",
      "effective_model": "Qwen/Qwen2.5-0.5B-Instruct",
      "precision": "live",
      "scenario": "vllm_sharegpt_b4",
      "batch_size": 4,
      "ttft_ms": 519.4678347907029,
      "tbt_ms": 314.756504401365,
      "throughput_tps": 3.143116748813566,
      "output_throughput_tps": 12.568897169744307,
      "latency_p50_ms": 20349.214208079502,
      "latency_p95_ms": 20350.22114861058,
      "latency_p99_ms": 20350.317275321577,
      "memory_mb": 0.0,
      "mode": "live",
      "successful_requests": 4,
      "failed_requests": 0
    },
    {
      "model": "Qwen/Qwen2.5-0.5B-Instruct",
      "effective_model": "Qwen/Qwen2.5-0.5B-Instruct",
      "precision": "live",
      "scenario": "vllm_random_b8",
      "batch_size": 8,
      "ttft_ms": 6044.113901414676,
      "tbt_ms": 312.4304994329115,
      "throughput_tps": 3.1310892197471745,
      "output_throughput_tps": 17.49660446694284,
      "latency_p50_ms": 28320.67071190769,
      "latency_p95_ms": 28492.685870232526,
      "latency_p99_ms": 28492.762638994027,
      "memory_mb": 0.0,
      "mode": "live",
      "successful_requests": 8,
      "failed_requests": 0
    },
    {
      "model": "Qwen/Qwen2.5-0.5B-Instruct",
      "effective_model": "Qwen/Qwen2.5-0.5B-Instruct",
      "precision": "live",
      "scenario": "vllm_sharegpt_b8",
      "batch_size": 8,
      "ttft_ms": 7362.887476279866,
      "tbt_ms": 458.6246777404403,
      "throughput_tps": 2.4457591277693456,
      "output_throughput_tps": 12.681445598546556,
      "latency_p50_ms": 40341.567905503325,
      "latency_p95_ms": 40344.38053769991,
      "latency_p99_ms": 40344.48679326102,
      "memory_mb": 0.0,
      "mode": "live",
      "successful_requests": 8,
      "failed_requests": 0
    }
  ]
}