{
  "kind": "e2e",
  "simulate": false,
  "models": [
    "Qwen/Qwen2.5-0.5B-Instruct"
  ],
  "batch_sizes": [
    1,
    2,
    4,
    8
  ],
  "precisions": [
    "fp16",
    "int8"
  ],
  "summary": {
    "total_rows": 8,
    "avg_ttft_ms": 4642.659549339442,
    "avg_tbt_ms": 235.17175826001412,
    "avg_throughput_tps": 5.140128295162246,
    "avg_output_throughput_tps": 10.384196426097846
  },
  "rows": [
    {
      "model": "Qwen/Qwen2.5-0.5B-Instruct",
      "effective_model": "Qwen/Qwen2.5-0.5B-Instruct",
      "precision": "live",
      "scenario": "vllm_random_b1",
      "batch_size": 1,
      "ttft_ms": 189.92148688994348,
      "tbt_ms": 108.70147219815064,
      "throughput_tps": 9.572791920272083,
      "output_throughput_tps": 5.431410994883859,
      "latency_p50_ms": 14647.21728924398,
      "latency_p95_ms": 14647.21728924398,
      "latency_p99_ms": 14647.21728924398,
      "memory_mb": 0.0,
      "mode": "live",
      "successful_requests": 1,
      "failed_requests": 0
    },
    {
      "model": "Qwen/Qwen2.5-0.5B-Instruct",
      "effective_model": "Qwen/Qwen2.5-0.5B-Instruct",
      "precision": "live",
      "scenario": "vllm_sharegpt_b1",
      "batch_size": 1,
      "ttft_ms": 219.37643690034747,
      "tbt_ms": 125.54470891330949,
      "throughput_tps": 7.917595058737922,
      "output_throughput_tps": 7.916462599118312,
      "latency_p50_ms": 16163.554468890652,
      "latency_p95_ms": 16163.554468890652,
      "latency_p99_ms": 16163.554468890652,
      "memory_mb": 0.0,
      "mode": "live",
      "successful_requests": 1,
      "failed_requests": 0
    },
    {
      "model": "Qwen/Qwen2.5-0.5B-Instruct",
      "effective_model": "Qwen/Qwen2.5-0.5B-Instruct",
      "precision": "live",
      "scenario": "vllm_random_b2",
      "batch_size": 2,
      "ttft_ms": 224.38562603201717,
      "tbt_ms": 154.95106501515778,
      "throughput_tps": 5.1233633921371755,
      "output_throughput_tps": 10.245083119402851,
      "latency_p50_ms": 15874.443383966242,
      "latency_p95_ms": 19499.878135377974,
      "latency_p99_ms": 19822.139002170126,
      "memory_mb": 0.0,
      "mode": "live",
      "successful_requests": 2,
      "failed_requests": 0
    },
    {
      "model": "Qwen/Qwen2.5-0.5B-Instruct",
      "effective_model": "Qwen/Qwen2.5-0.5B-Instruct",
      "precision": "live",
      "scenario": "vllm_sharegpt_b2",
      "batch_size": 2,
      "ttft_ms": 317.68283946439624,
      "tbt_ms": 204.1256046380965,
      "throughput_tps": 4.895639849945482,
      "output_throughput_tps": 9.78979231886245,
      "latency_p50_ms": 26343.697677774348,
      "latency_p95_ms": 26436.00301319471,
      "latency_p99_ms": 26444.20793189874,
      "memory_mb": 0.0,
      "mode": "live",
      "successful_requests": 2,
      "failed_requests": 0
    },
    {
      "model": "Qwen/Qwen2.5-0.5B-Instruct",
      "effective_model": "Qwen/Qwen2.5-0.5B-Instruct",
      "precision": "live",
      "scenario": "vllm_random_b4",
      "batch_size": 4,
      "ttft_ms": 10046.115579723846,
      "tbt_ms": 171.2200692043581,
      "throughput_tps": 4.787863813738832,
      "output_throughput_tps": 12.880078235194249,
      "latency_p50_ms": 36181.99522114601,
      "latency_p95_ms": 38000.40656248388,
      "latency_p99_ms": 38023.85956033003,
      "memory_mb": 0.0,
      "mode": "live",
      "successful_requests": 4,
      "failed_requests": 0
    },
    {
      "model": "Qwen/Qwen2.5-0.5B-Instruct",
      "effective_model": "Qwen/Qwen2.5-0.5B-Instruct",
      "precision": "live",
      "scenario": "vllm_sharegpt_b4",
      "batch_size": 4,
      "ttft_ms": 12434.685117274057,
      "tbt_ms": 242.67039646387218,
      "throughput_tps": 3.7391820184204154,
      "output_throughput_tps": 9.461872252581415,
      "latency_p50_ms": 49904.20367786346,
      "latency_p95_ms": 52299.94180900976,
      "latency_p99_ms": 52299.98601136729,
      "memory_mb": 0.0,
      "mode": "live",
      "successful_requests": 4,
      "failed_requests": 0
    },
    {
      "model": "Qwen/Qwen2.5-0.5B-Instruct",
      "effective_model": "Qwen/Qwen2.5-0.5B-Instruct",
      "precision": "live",
      "scenario": "vllm_random_b8",
      "batch_size": 8,
      "ttft_ms": 12428.950342087774,
      "tbt_ms": 365.81409298934,
      "throughput_tps": 2.7711715862210466,
      "output_throughput_tps": 15.067291196042726,
      "latency_p50_ms": 62522.70780132779,
      "latency_p95_ms": 65062.14620674828,
      "latency_p99_ms": 65287.97909084494,
      "memory_mb": 0.0,
      "mode": "live",
      "successful_requests": 8,
      "failed_requests": 0
    },
    {
      "model": "Qwen/Qwen2.5-0.5B-Instruct",
      "effective_model": "Qwen/Qwen2.5-0.5B-Instruct",
      "precision": "live",
      "scenario": "vllm_sharegpt_b8",
      "batch_size": 8,
      "ttft_ms": 1280.1589663431514,
      "tbt_ms": 508.34665665782813,
      "throughput_tps": 2.31341872182501,
      "output_throughput_tps": 12.281580692696911,
      "latency_p50_ms": 73083.86179502122,
      "latency_p95_ms": 73648.06122432159,
      "latency_p99_ms": 73649.17310081258,
      "memory_mb": 0.0,
      "mode": "live",
      "successful_requests": 8,
      "failed_requests": 0
    }
  ]
}